{
    "stat": {
        "peak_mem_kb": 284284,
        "ru_self_cgstart": {
            "ru_utime_sec": 0.116368,
            "ru_maxrss_kb": 76732,
            "ru_stime_sec": 0.029838,
            "ru_minflt": 24506,
            "ru_nvcsw": 21,
            "ru_majflt": 0,
            "ru_nivcsw": 13
        },
        "ru_childs_cgstart": {
            "ru_utime_sec": 0.013648,
            "ru_maxrss_kb": 28672,
            "ru_stime_sec": 0.0094669999999999997,
            "ru_minflt": 5800,
            "ru_nvcsw": 17,
            "ru_majflt": 0,
            "ru_nivcsw": 6
        },
        "cpu_cycles_cgstart": 7485293764039,
        "nQuads": 1897,
        "nMops": 8772,
        "totalObjSize": 218278,
        "ru_childs_end": {
            "ru_utime_sec": 0.014536,
            "ru_maxrss_kb": 29052,
            "ru_stime_sec": 0.011242,
            "ru_minflt": 6394,
            "ru_nvcsw": 18,
            "ru_majflt": 0,
            "ru_nivcsw": 8
        },
        "ru_self_end": {
            "ru_utime_sec": 0.15768299999999999,
            "ru_maxrss_kb": 84756,
            "ru_stime_sec": 0.037412000000000001,
            "ru_minflt": 27804,
            "ru_nvcsw": 22,
            "ru_majflt": 0,
            "ru_nivcsw": 17
        },
        "cpu_cycles_end": 7485428490000,
        "cpu_cycles_total": 703110054,
        "mopSpeed": 207852.52233253565,
        "quadSpeed": 44949.411179300063,
        "outputSizePerQuad": 115.06483921982077,
        "mop/quad": 4.6241433842909858,
        "CodeGen(%)": 24.50542623055528,
        "Frontend(%)": 75.494573769444727,
        "realTime": 0.28785109519958496
    },
    "CurCompileUdps": {},
    "cycles_program_begin": 7484725379946,
    "perf": [
        {
            "stat": [
                "main",
                "entry",
                0.018580198287963867,
                0.042462,
                0.012132,
                211216,
                211216,
                0.0,
                0.0,
                1693489370.5998881,
                7484725637556
            ],
            "sub": [
                {
                    "stat": [
                        "doParsingAndDesignResolution",
                        "entry",
                        0.13350105285644531,
                        0.047342000000000002,
                        0.018738999999999999,
                        267088,
                        267888,
                        0.0,
                        0.0,
                        1693489370.7148089,
                        7485025650055
                    ],
                    "sub": []
                },
                {
                    "stat": [
                        "doParsingAndDesignResolution",
                        "exit",
                        0.14436721801757812,
                        0.057946999999999999,
                        0.018981999999999999,
                        268916,
                        269564,
                        0.0,
                        0.0,
                        1693489370.7256751,
                        7485054032632
                    ],
                    "sub": []
                },
                {
                    "stat": [
                        "doPostDesignResolutionToVir2Vcs",
                        "entry",
                        0.14525008201599121,
                        0.057946999999999999,
                        0.019866000000000002,
                        268916,
                        269564,
                        0.0,
                        0.0,
                        1693489370.726558,
                        7485056317793
                    ],
                    "sub": [
                        {
                            "stat": [
                                "doUptoVir2VcsNoSepCleanup",
                                "entry",
                                0.15740513801574707,
                                0.067960000000000007,
                                0.021987,
                                273820,
                                273920,
                                0.0,
                                0.0,
                                1693489370.738713,
                                7485088059665
                            ],
                            "sub": []
                        },
                        {
                            "stat": [
                                "doUptoVir2VcsNoSepCleanup",
                                "exit",
                                0.20835518836975098,
                                0.11386599999999999,
                                0.026967999999999999,
                                283836,
                                283856,
                                0.0,
                                0.0,
                                1693489370.7896631,
                                7485221097575
                            ],
                            "sub": []
                        },
                        {
                            "stat": [
                                "doRadify_vir2vcsAll",
                                "entry",
                                0.20842599868774414,
                                0.113925,
                                0.026981999999999999,
                                283836,
                                283856,
                                0.0,
                                0.0,
                                1693489370.7897339,
                                7485221210935
                            ],
                            "sub": []
                        },
                        {
                            "stat": [
                                "doRadify_vir2vcsAll",
                                "exit",
                                0.21167421340942383,
                                0.116313,
                                0.027834999999999999,
                                283836,
                                283856,
                                0.0,
                                0.0,
                                1693489370.7929821,
                                7485229750254
                            ],
                            "sub": []
                        }
                    ]
                },
                {
                    "stat": [
                        "doPostDesignResolutionToVir2Vcs",
                        "exit",
                        0.21171712875366211,
                        0.11634799999999999,
                        0.027844000000000001,
                        283836,
                        283856,
                        0.0,
                        0.0,
                        1693489370.793025,
                        7485229803230
                    ],
                    "sub": []
                },
                {
                    "stat": [
                        "doGAToPass2",
                        "entry",
                        0.21173715591430664,
                        0.116364,
                        0.027847,
                        283836,
                        283856,
                        0.0,
                        0.0,
                        1693489370.793045,
                        7485229850918
                    ],