{
    "cpu_cycles_pass2_start": 7685929305923,
    "NameTable": {
        "adder4": [
            "adder4",
            "z9kyH",
            "module",
            2
        ],
        "tb_mul": [
            "tb_mul",
            "xmcas",
            "module",
            7
        ],
        "...MASTER...": [
            "SIM",
            "amcQw",
            "module",
            6
        ],
        "booth_encoder16": [
            "booth_encoder16",
            "eWscK",
            "module",
            8
        ],
        "full_adder": [
            "full_adder",
            "BEdzp",
            "module",
            5
        ]
    },
    "CurCompileUdps": {},
    "cycles_program_begin": 7685359420879,
    "perf": [
        {
            "stat": [
                "main",
                "entry",
                0.018882036209106445,
                0.043651000000000002,
                0.013197,
                211216,
                211216,
                0.0,
                0.0,
                1693489447.443212,
                7685359692009
            ],
            "sub": [
                {
                    "stat": [
                        "doParsingAndDesignResolution",
                        "entry",
                        0.13328003883361816,
                        0.049138000000000001,
                        0.018818000000000001,
                        267088,
                        267888,
                        0.0,
                        0.0,
                        1693489447.55761,
                        7685658353335
                    ],
                    "sub": []
                },
                {
                    "stat": [
                        "doParsingAndDesignResolution",
                        "exit",
                        0.14382410049438477,
                        0.058860000000000003,
                        0.019619999999999999,
                        268916,
                        269564,
                        0.0,
                        0.0,
                        1693489447.5681541,
                        7685685887342
                    ],
                    "sub": []
                },
                {
                    "stat": [
                        "doPostDesignResolutionToVir2Vcs",
                        "entry",
                        0.14481401443481445,
                        0.058860000000000003,
                        0.02061,
                        268916,
                        269564,
                        0.0,
                        0.0,
                        1693489447.569144,
                        7685688487144
                    ],
                    "sub": [
                        {
                            "stat": [
                                "doUptoVir2VcsNoSepCleanup",
                                "entry",
                                0.15795803070068359,
                                0.068932999999999994,
                                0.023663,
                                273820,
                                273920,
                                0.0,
                                0.0,
                                1693489447.582288,
                                7685722762134
                            ],
                            "sub": []
                        },
                        {
                            "stat": [
                                "doUptoVir2VcsNoSepCleanup",
                                "exit",
                                0.20853209495544434,
                                0.115497,
                                0.027595999999999999,
                                283824,
                                283844,
                                0.0,
                                0.0,
                                1693489447.6328621,
                                7685854836558
                            ],
                            "sub": []
                        },
                        {
                            "stat": [
                                "doRadify_vir2vcsAll",
                                "entry",
                                0.20861506462097168,
                                0.115566,
                                0.027612999999999999,
                                283824,
                                283844,
                                0.0,
                                0.0,
                                1693489447.6329451,
                                7685854981132
                            ],
                            "sub": []
                        },
                        {
                            "stat": [
                                "doRadify_vir2vcsAll",
                                "exit",
                                0.21223902702331543,
                                0.11917,
                                0.027612999999999999,
                                283824,
                                283844,
                                0.0,
                                0.0,
                                1693489447.636569,
                                7685864487320
                            ],
                            "sub": []
                        }
                    ]
                },
                {
                    "stat": [
                        "doPostDesignResolutionToVir2Vcs",
                        "exit",
                        0.21228289604187012,
                        0.119215,
                        0.027612999999999999,
                        283824,
                        283844,
                        0.0,
                        0.0,
                        1693489447.6366129,
                        7685864557026
                    ],
                    "sub": []
                },
                {
                    "stat": [
                        "doGAToPass2",
                        "entry",
                        0.2123110294342041,
                        0.119243,
                        0.027612999999999999,
                        283824,
                        283844,
                        0.0,
                        0.0,
                        1693489447.636641,
                        7685864624844
                    ],
                    "sub": [
                        {
                            "stat": [
                                "DoPass2",
                                "entry",
                                0.23704791069030762,
                                0.12063400000000001,
                                0.028625000000000001,
                                282268,
                                283844,
                                0.013913999999999999,
                                0.0088369999999999994,
                                1693489447.6613779,
                                7685929282893
                            ],
                            "sub": []
                        },
                        {
                            "stat": [
                                "DoPass2",
                                "exit",
                                0.27023005485534668,
                                0.14388699999999999,
                                0.031634000000000002,
                                284244,
                                284272,
                                0.015873999999999999,
                                0.0098169999999999993,
                                1693489447.6945601,
                                7686015890218
                            ],