{
    "Modules": {
        "booth_encoder16": {
            "start_perf": [
                0.26536202430725098,
                0.14001,
                0.030644999999999999,
                284248,
                284252,
                1693489447.689692,
                7686003145536
            ],
            "child_modules": {},
            "nRouts": 17,
            "Compiled Times": 6,
            "Compiled": "Yes",
            "nQuads": 198,
            "end_perf": [
                0.26760196685791016,
                0.14224899999999999,
                0.030644999999999999,
                284248,
                284252,
                7686009028815,
                34359738369,
                0
            ],
            "nMops": 1361
        },
        "full_adder": {
            "start_perf": [
                0.26009392738342285,
                0.134773,
                0.030630000000000001,
                284248,
                284248,
                1693489447.6844239,
                7685989393686
            ],
            "child_modules": {},
            "nRouts": 12,
            "Compiled Times": 19,
            "Compiled": "Yes",
            "nQuads": 96,
            "end_perf": [
                0.26176095008850098,
                0.13642399999999999,
                0.030630000000000001,
                284248,
                284252,
                7685993774631,
                17179869185,
                0
            ],
            "nMops": 333
        },
        "...MASTER...": {
            "start_perf": [
                0.23716497421264648,
                0.12073,
                0.028646999999999999,
                282268,
                283844,
                1693489447.661495,
                7685929524435
            ],
            "child_modules": {
                "tb_mul": 1
            },
            "nQuads": 0,
            "end_perf": [
                0.24248600006103516,
                0.12306400000000001,
                0.028715000000000001,
                282280,
                283844,
                7685943466202,
                0,
                0
            ],
            "nMops": 0,
            "nRouts": 5
        },
        "adder4": {
            "start_perf": [
                0.26180505752563477,
                0.13646800000000001,
                0.030630000000000001,
                284248,
                284252,
                1693489447.6861351,
                7685993854187
            ],
            "child_modules": {},
            "nRouts": 26,
            "Compiled Times": 8,
            "Compiled": "Yes",
            "nQuads": 461,
            "end_perf": [
                0.26529788970947266,
                0.13994500000000001,
                0.030644999999999999,
                284248,
                284252,
                7686003064104,
                30064771073,
                0
            ],
            "nMops": 1882
        },
        "tb_mul": {
            "start_perf": [
                0.2426600456237793,
                0.123237,
                0.028715000000000001,
                282280,
                283844,
                1693489447.66699,
                7685943896451
            ],
            "child_modules": {
                "full_adder": 192,
                "booth_encoder16": 8,
                "adder4": 8
            },
            "nRouts": 71,
            "Compiled Times": 2,
            "Compiled": "Yes",
            "nQuads": 387,
            "end_perf": [
                0.26002097129821777,
                0.134713,
                0.030616000000000001,
                284248,
                284248,
                7685989287736,
                8589934593,
                0
            ],
            "nMops": 1610
        }
    },
    "CompUnits": {
        "xmcas_d": {
            "mod": "tb_mul",
            "out": "xmcas_d.o",
            "bytes": 55152,
            "mode": 4,
            "text": 12012,
            "checksum": 0,
            "archive": "archive.18/_40482_archive_1.a"
        }
    },
    "stat": {
        "peak_mem_kb": 284272,
        "ru_self_end": {
            "ru_minflt": 27484,
            "ru_utime_sec": 0.145875,
            "ru_nivcsw": 14,
            "ru_nvcsw": 22,
            "ru_stime_sec": 0.032642999999999998,
            "ru_maxrss_kb": 83768,
            "ru_majflt": 0
        },
        "ru_childs_end": {
            "ru_minflt": 6394,
            "ru_utime_sec": 0.015873999999999999,
            "ru_nivcsw": 8,
            "ru_nvcsw": 18,
            "ru_stime_sec": 0.0098169999999999993,
            "ru_maxrss_kb": 29028,
            "ru_majflt": 0
        },
        "cpu_cycles_end": 7686023678499
    },
    "ObjArchives": [
        {
            "archive": "archive.18/_40482_archive_1.a",
            "objects": [
                [
                    "xmcas_d.o",
                    55152
                ],
                [
                    "amcQwB.o",
                    101658
                ]
            ],
            "size": 156810
        }
    ],
    "reusePaths": {
        "eWscK_d": {
            "icPath": "csrc"
        },
        "amcQw_d": {
            "icPath": "csrc"
        },
        "BEdzp_d": {
            "icPath": "csrc"
        },
        "z9kyH_d": {
            "icPath": "csrc"
        }
    }
}