{
    "Modules": {
        "...MASTER...": {
            "child_modules": {
                "tb_mul": 1
            },
            "start_perf": [
                0.3420100212097168,
                0.22672800000000001,
                0.022162000000000001,
                286492,
                288328,
                1693404799.0079601,
                15363522976480
            ],
            "nRouts": 5,
            "end_perf": [
                0.34732604026794434,
                0.22886400000000001,
                0.022179999999999998,
                286504,
                288328,
                15363536885244,
                0,
                0
            ],
            "nQuads": 0,
            "nMops": 0
        },
        "booth_encoder32": {
            "child_modules": {},
            "start_perf": [
                0.37319684028625488,
                0.25170999999999999,
                0.025170999999999999,
                288472,
                288476,
                1693404799.0391469,
                15363604410476
            ],
            "Compiled Times": 4,
            "Compiled": "Yes",
            "nRouts": 17,
            "end_perf": [
                0.37516593933105469,
                0.25367899999999999,
                0.025170999999999999,
                288472,
                288476,
                15363609580538,
                34359738369,
                0
            ],
            "nQuads": 200,
            "nMops": 1210
        },
        "tb_mul": {
            "child_modules": {
                "booth_encoder32": 16,
                "adder64_0000": 1,
                "full_adder": 960
            },
            "start_perf": [
                0.34745192527770996,
                0.22897799999999999,
                0.022190999999999999,
                286504,
                288328,
                1693404799.013402,
                15363537174894
            ],
            "Compiled Times": 4,
            "Compiled": "Yes",
            "nRouts": 126,
            "end_perf": [
                0.36858892440795898,
                0.248084,
                0.024202999999999999,
                288472,
                288472,
                15363592517570,
                8589934593,
                0
            ],
            "nQuads": 1278,
            "nMops": 5732
        },
        "adder64_0000": {
            "child_modules": {
                "adder4": 16
            },
            "start_perf": [
                0.36867499351501465,
                0.248164,
                0.024211,
                288472,
                288472,
                1693404799.0346251,
                15363592600382
            ],
            "Compiled Times": 4,
            "Compiled": "Yes",
            "nRouts": 7,
            "end_perf": [
                0.36986088752746582,
                0.24932000000000001,
                0.024225,
                288472,
                288476,
                15363595733088,
                21474836481,
                0
            ],
            "nQuads": 12,
            "nMops": 73
        },
        "adder4": {
            "child_modules": {},
            "start_perf": [
                0.36989998817443848,
                0.24935599999999999,
                0.024228,
                288472,
                288476,
                1693404799.03585,
                15363595791816
            ],
            "Compiled Times": 4,
            "Compiled": "Yes",
            "nRouts": 26,
            "end_perf": [
                0.37314796447753906,
                0.251666,
                0.025166000000000001,
                288472,
                288476,
                15363604335268,
                25769803777,
                0
            ],
            "nQuads": 461,
            "nMops": 1882
        },
        "full_adder": {
            "child_modules": {},
            "start_perf": [
                0.37520289421081543,
                0.253716,
                0.025170999999999999,
                288472,
                288476,
                1693404799.041153,
                15363609640186
            ],
            "Compiled Times": 4,
            "Compiled": "Yes",
            "nRouts": 12,
            "end_perf": [
                0.37631487846374512,
                0.25481999999999999,
                0.025179,
                288472,
                288476,
                15363612572470,
                38654705665,
                0
            ],
            "nQuads": 96,
            "nMops": 333
        }
    },
    "CompUnits": {
        "xmcas_d": {
            "text": 21990,
            "mod": "tb_mul",
            "out": "xmcas_d.o",
            "bytes": 172148,
            "mode": 4,
            "checksum": 0,
            "archive": "archive.3/_73139_archive_1.a"
        }
    },
    "reusePaths": {
        "amcQw_d": {
            "icPath": "csrc"
        },
        "z9kyH_d": {
            "icPath": "csrc"
        },
        "VZZIx_d": {
            "icPath": "csrc"
        },
        "kmdiI_d": {
            "icPath": "csrc"
        },
        "BEdzp_d": {
            "icPath": "csrc"
        }
    },
    "ObjArchives": [
        {
            "archive": "archive.3/_73139_archive_1.a",
            "objects": [
                [
                    "xmcas_d.o",
                    172148
                ],
                [
                    "amcQwB.o",
                    104228
                ]
            ],
            "size": 276376
        }
    ],
    "stat": {
        "ru_self_end": {
            "ru_nivcsw": 17,
            "ru_utime_sec": 0.25901600000000002,
            "ru_stime_sec": 0.026203000000000001,
            "ru_maxrss_kb": 87328,
            "ru_minflt": 28702,
            "ru_majflt": 0,
            "ru_nvcsw": 22
        },
        "ru_childs_end": {
            "ru_nivcsw": 8,
            "ru_utime_sec": 0.013842999999999999,
            "ru_stime_sec": 0.0088839999999999995,
            "ru_maxrss_kb": 33264,
            "ru_minflt": 6396,
            "ru_majflt": 0,
            "ru_nvcsw": 18
        },
        "cpu_cycles_end": 15363626185762,
        "peak_mem_kb": 288496
    }
}